id,question
1590140,How do mental illnesses affect a person's daily functioning and relationships?
1590140,What are some examples of serious mental illnesses that can result in major functional impairment?
1590140,"Why is it a misconception to associate mental illness with a person's character, intelligence, or willpower?"
1590140,"How are mental illnesses treated, and what is the success rate of these treatments?"
1590140,Can a person with mental illness become independent and successful with proper treatment?
2110618,Who are the groups most commonly affected by different mental illnesses?
2110618,How do mental illnesses affect children and the elderly?
2110618,What behaviors should parents and caretakers watch out for in children that may indicate a serious emotional disturbance?
6361820,How does mental illness affect different populations?
6361820,At what age are individuals most susceptible to mental illness?
6361820,What signs should parents and caretakers look out for in children under 18 that may indicate a mental health condition?
9434130,What are some general symptoms that may indicate a mental health disorder in adults?
9434130,Can you name some symptoms that could suggest a mental health issue in older children and pre-teens?
9434130,Are there any signs that might point to mental health problems in younger children?
9434130,What kind of behavior in children might suggest they are struggling with mental health?
9434130,What are some potential indicators of mental health issues related to mood or eating habits?
7657263,Can early identification and treatment improve recovery from mental illness?
7657263,Are there effective treatments available for different types of mental illnesses?
7657263,What is the importance of a person's active engagement in their own recovery process from mental illness?
7657263,Is it common for some people with mental illness to experience a return of symptoms after treatment?
7657263,How can one live a fulfilled and productive life despite careful monitoring and management of mental illness?
1619387,What should I do if I suspect someone I know has a mental disorder?
1619387,How can I help a friend or family member who might be experiencing symptoms of a mental health condition?
1619387,What are the benefits of speaking with a mental health professional if I think a loved one has symptoms of a mental disorder?
1030153,How can I search for mental health providers in my area?
1030153,What should I consider when researching mental health professionals for myself or my child?
1030153,How can I ensure that I will feel comfortable with the mental health professional I choose?
8022026,What types of treatments are available for mental illness?
8022026,How do different treatment options work for different people?
8022026,How can I find the most effective treatment for myself or my child?
1155199,What can I expect in terms of the cause of my illness?
1155199,Are there other conditions that share my symptoms?
1155199,What kind of physical or neurological tests are usually involved?
1155199,What other specialists might be involved in my treatment and who will coordinate?
1155199,What is the typical role of the family in the treatment process?
7760466,What are the differences in education and training among mental health professionals?
7760466,How do mental health professionals specialize in different areas?
7760466,How can I find a mental health professional that fits my specific needs?
2553795,What steps can I take to find a mental health professional who is a good fit for me or my child?
2553795,How can I ensure that my child or I will feel comfortable working with a mental health professional?
2553795,What resources are available to help me research and find the right mental health professional for my needs or my child's needs?
1259439,What can you tell me about the cause of my illness?
1259439,Are there other conditions that share my symptoms?
1259439,What kinds of examinations do you usually conduct?
1259439,What is your recommended treatment program for my diagnosis?
1259439,What can I expect from the medications prescribed for my condition?
4197817,Where can I find mental health resources in my area?
4197817,What kind of organizations offer support groups for consumers and their families?
4197817,Are support groups always led by mental health professionals or can they be peer led?
3388962,What is the primary purpose of the new medication?
3388962,How long does it typically take for the medication to take effect and how will I know when it is effective?
3388962,"What are the proper directions for taking this medication, including any food, drinks, or activities to avoid?"
3388962,What side effects should I be aware of and what should I do if they occur?
3388962,What is the procedure if I accidentally miss a dose of the medication?
5343181,"If I feel better after taking medication, does that mean I can stop taking it without consulting my doctor?"
5343181,What might happen if I stop taking my medication abruptly?
5343181,How can I address side effects that make me unwilling to continue treatment?
5778437,What organizations provide prescription assistance programs for individuals with financial needs?
5778437,Do I need a doctor's consent to apply for prescription assistance programs?
5778437,What kind of proof do I need to provide for these prescription assistance programs?
9541219,Where can I find a therapist who specializes in my specific mental health condition?
9541219,Are there different types of therapy for children and adults?
9541219,What kind of therapy would be most effective for my symptoms?
3268009,What are some alternative types of mental health treatment?
3268009,Are there any self-help plans for mental health conditions?
3268009,What is the role of peer support in mental health treatment?
3340726,What are the different kinds of mental health professionals that I can choose from?
3340726,How can I find the right mental health professional for my needs?
3340726,Can you give me more information about the various types of mental health professionals?
9539480,Where can I find peer support organizations?
9539480,Are there support groups led by mental health professionals?
9539480,How can I find support groups for my family and friends?
4211025,Where can I find help for a mental health crisis?
4211025,What kinds of services does inpatient care provide for people in crisis?
4211025,How can inpatient care assist with adjusting to new medications or symptoms?
4031860,Where can I find resources to help me locate mental health therapists in my area?
4031860,How can I learn about different mental health treatment options in my community?
4031860,Can you suggest any ways I can better understand the treatment process for mental health services?
5215843,What are the risks associated with clinical trials?
5215843,How can I find out about new treatment approaches being tested?
5215843,Where can I get more information about participating in research studies?
8927672,What is a psychiatric advance directive and how does it differ from a medical advance directive?
8927672,How can I create a psychiatric advance directive and who will it impact during a mental health crisis?
8927672,What kind of treatment instructions can I include in a psychiatric advance directive?
7728364,What exactly makes up mental health?
7728364,Can you explain the components of mental health?
7728364,"How are beliefs, thoughts, feelings, and behaviors related to mental health?"
4194958,What can I do if the usual support methods don't work for me?
4194958,How can I stay hopeful while searching for the right help?
4194958,What are some other approaches I can try if the current ones don't help?
1667863,Is it possible to take steps to avoid mental health issues?
1667863,How does working on our wellbeing and resilience contribute to preventing mental health problems?
1667863,What role does seeking help early play in preventing mental health issues from becoming severe?
8904276,Are there any treatments that can help with mental health issues?
8904276,Is it possible to find relief from mental health problems through talking and counselling?
8904276,"Can medication, friendships, exercise, sleep, and nutrition play a role in addressing mental health concerns?"
4283807,What are some psychological causes of mental health problems?
4283807,What role does biology play in mental health issues?
4283807,How can social factors contribute to mental health problems?
8690253,Who are some people I can talk to if I'm worried about my mental health?
8690253,What steps can I take to find out more information about what I'm experiencing with my mental health?
8690253,How can talking to someone about my mental health help me get perspective and start getting help?
8690253,What kind of help can I expect to receive after I talk to someone about my mental health?
8690253,What can I do to get started on the path of improving my mental health?
2973656,How can I tell if my beliefs and thoughts are affecting my daily functioning?
2973656,What are the signs that my feelings and behaviors are having a significant impact on my ability to function normally?
2973656,When is it important to seek help if my mental health is affecting my daily life?
4759773,What actions can I take if I'm concerned about a loved one's mental health?
4759773,How can I approach a friend or relative about seeking mental health support?
4759773,What is the first step I should take when I notice a concern for someone's mental well-being?
1511075,How should I handle people giving me advice based on evidence?
1511075,What is the best way to find out what works for me when people tell me what to do?
1511075,How can I balance following others' advice and doing what is best for my mental health?
7069853,Why is it important for my mental health to stay informed about the pandemic?
7069853,How can reliable and up-to-date information about the coronavirus help me feel more resilient?
7069853,What are the negative effects of following the news all day and how can I avoid them?
4181750,How can I determine if a source is reliable for information about the coronavirus and COVID-19?
4181750,What should I consider when evaluating the credibility of experts quoted or cited in health articles?
4181750,How can I identify if a source is trying to make me feel a certain way rather than providing factual information?
4181750,What is the role of social media in obtaining reliable health information and what cautions should I take?
4181750,Where can I learn more about digital and media literacy and thinking critically around health claims?
2554141,Why does having a plan help manage fear and stress during a pandemic?
2554141,What are some tasks I can include in my daily schedule for managing during a pandemic?
2554141,Where can I find resources on problem-solving to help me manage during a pandemic?
2554141,How can I practice problem-solving to manage uncertain situations during a pandemic?
2554141,What are some ways I can manage feelings of being overwhelmed or hopeless during a pandemic?
9100298,What are some ways I can maintain social connections while physically separated from loved ones?
9100298,What should I do if I'm feeling lonely during this time?
9100298,Where can I find local community support groups and mutual aid groups online?
2884887,How does taking care of my physical health impact my mental health?
2884887,What are some tips for maintaining a balanced diet while spending more time at home?
2884887,What are some ways to stay active and exercise while staying safe at home?
2884887,How can I practice healthy sleep habits if stress and anxiety are affecting my sleep?
2884887,What should I do if I have a chronic illness and need to take additional precautions during this time?
9250044,What are some low-effort distractions I can try when I'm feeling overwhelmed or isolated?
9250044,What are some ways I can keep myself engaged and focused if I have more energy?
9250044,How can I use online resources to learn new things and stay entertained during social distancing?
9250044,What are some ways I can maintain healthier habits and avoid unhelpful ones when my schedule is disrupted?
9250044,How can I get involved in helping my community while practicing social distancing and good hygiene?
3597720,How does the way I think about a situation impact my feelings and behaviors?
3597720,What can challenging negative thoughts do to improve my mood and help me see new options?
3597720,Can you give me an example of how to reframe a negative thought to a more positive or productive one?
3597720,How can I better understand the situation more realistically and see the parts that I can control right now?
3597720,"What can I do to focus on the things I can do, and make everything feel more manageable?"
7535002,What strategies can I use to challenge common thinking traps?
7535002,How can I identify if I'm falling into distorted thinking patterns?
7535002,What is a helpful way to break a thinking trap by looking at the thoughts?
4134858,What are some common causes of grief outside of losing a person or pet?
4134858,How can I healthily express my feelings of grief?
4134858,Where can I find help from a mental health professional if I'm struggling with grief?
9676742,How can I find a family doctor using the College of Physicians and Surgeons of BC's Find a Physician tool?
9676742,Are walk-in clinics a good option for finding a regular doctor if I have ongoing care needs?
9676742,How can I obtain a referral to see a psychiatrist?
9676742,Where can I find a registered psychologist in BC?
9676742,How can I visit the BC Association of Clinical Counsellors to find a clinical counsellor?
2612846,Can I make an appointment with a psychiatrist directly or do I need a referral from a doctor?
2612846,What is the process for self-referring to a mental health program in BC?
2612846,How can I find my local mental health center in BC?
2612846,What services are available at a mental health center besides access to a psychiatrist?
2612846,How can I get help from HealthlinkBC if I need assistance finding a mental health service?
3166337,Where can I find a Registered Psychologist?
3166337,Do I need a doctor's referral to see a psychologist?
3166337,How can I find out about lower-cost options for counselling in my community?
3166337,Are the costs of seeing a Registered Psychologist covered by MSP?
3166337,Can I ask for a sliding scale based on my income when making an appointment with a psychologist?
7009409,Where can I find directories of counsellors?
7009409,Do I need a doctor's referral to see a counsellor?
7009409,How can I find out about lower-cost options to access counselling in my community?
7009409,Are counselling services at public mental health centers covered by MSP?
7009409,How can Indigenous community members access counselling services locally or through the First Nations Health Authority?
9630578,Where can I look for support groups specific to mental illnesses like mood disorders or post-traumatic stress disorder?
9630578,How can I find out about support groups offered by the Canadian Mental Health Association or the BC Schizophrenia Society?
9630578,Where can I find online support if I have trouble getting to an in-person support group?
1585622,Where can I encourage my child to talk about their mental health concerns?
1585622,Who can I talk to if I'm concerned about my child's mental health?
1585622,Where can I find specific child and youth mental health services and providers?
1585622,"Where can I get guidance, information, and support for youth and parent mental health?"
1585622,Where can young people find easy-to-access mental health care and support?
1833460,Where can I find information about local mental health services for older adults?
1833460,Can I get information about senior's mental health resources from the Canadian Coalition for Seniors' Mental Health?
1833460,Who can I contact if I'm concerned about a loved one's mental health?
6981545,Where can I find self-help resources for depression that are appropriate for teens?
6981545,Can you recommend some self-help materials for managing depression while pregnant or after delivery?
6981545,Are there any online self-help programs for depression that are based outside of BC but offer good information?
2115228,Where can I find self-help resources for anxiety if I'm not in British Columbia?
2115228,Can I use Anxiety Canada's resources if I'm an adult but not a teen or young adult?
2115228,What resources does the BC Reproductive Mental Health Program offer for anxiety during and after birth?
2009922,Where can I find free programs to help manage ongoing physical or mental health issues?
2009922,Are there any self-guided workbooks that discuss the links between physical health and mental health?
2009922,"What resources are available to help me cope with depression, low mood, or anxiety caused by a chronic health condition?"
2009922,Can I purchase any booklets that offer practical tips to cope with a chronic health problem?
2009922,Where can I find one-on-one support from a therapist or counselor if I'm having a hard time coping?
6167248,How can I determine if my substance use is causing problems?
6167248,Where can I find resources for helping someone else with their substance use?
6167248,What are some ways I can think about my relationship with substances?
6167248,What tips and resources are available for cutting back or quitting substance use?
6167248,How can I contact the Alcohol and Drug Information Referral Service for help in my area?
6779222,How can I find out if my BC Medical Services Plan covers mental health services like counselling or therapy?
6779222,Where can I find mental health clinics or hospitals that offer free or low-cost counselling services?
6779222,How can I find mental health services in my area using HealthLink BC’s Find Services tool and Locator app?
6779222,Where can I look for private mental health services that offer a sliding scale based on income?
6779222,How can mental health organizations like Anxiety Canada or the Canadian Mental Health Association help me find local mental health services or connections?
1546812,Is there a program to help me pay for my psychiatric medications?
1546812,How can I apply for the Psychiatric Medications Plan through BC PharmaCare?
1546812,How long does the coverage for Plan G typically last?
2176317,Are there any mental health services covered by MSP that I could access for free?
2176317,What are some ways I can offset the costs of mental health services not covered by MSP?
2176317,How can I find mental health providers that offer lower-cost services or a sliding scale based on income?
3284724,What are the different income levels for provincial income assistance?
3284724,How can mental illness be considered in PWD or PPMB income assistance applications?
3284724,Where can I find resources to help me navigate the application process for PWD and PPMB benefits?
5981663,What is the purpose of MSP in British Columbia?
5981663,How are MSP fees determined and paid?
5981663,Where can I get help with applying for or managing my MSP coverage?
6623577,What does it mean when someone recommends me to another service in healthcare?
6623577,How do I access a specialist like a psychiatrist for mental health in BC?
6623577,What is the process for getting an appointment with a specialist after a referral from my doctor?
6851366,"Are psychiatrists able to prescribe medications, while psychologists cannot?"
6851366,How are the education and training different between psychiatrists and registered psychologists?
6851366,How does payment for services differ between accessing a psychologist in the public system versus the private system?
1898078,What are the commonalities between psychotherapy and counseling?
1898078,Can you explain the role of a professional therapist or counselor in the healing process?
1898078,What are some examples of different psychotherapies that have been found effective for various problems or illnesses?
1706961,What is the main focus of CBT in contrast to DBT?
1706961,How does DBT deals with emotions and relationships differently than CBT?
1706961,In what kind of mental health issues have DBT been proven to be effective?
4925221,What are the different classes of antidepressant medications and how do they work?
4925221,What are some common medications for each class of antidepressants?
4925221,What factors might affect how a medication works for different people?
1043721,How can I bring up my concerns about my diagnosis with the professional who provided it?
1043721,What is the process for getting a second opinion from a different professional?
1043721,How can I discuss my options and get a referral to a different program or health professional for a second opinion?
8471978,What should I do if I don't think my prescribed antidepressant is working?
8471978,Who can I contact if I want to discuss the common side effects of my medication?
8471978,Is it safe to stop taking my psychiatric medication or change the dose without consulting a health care provider?
8471978,What should I do if I experience a serious allergic reaction to my medication?
8471978,How can I effectively communicate with my doctor about symptoms or side effects that I find embarrassing?
2746837,How can I help an adult in my life who is struggling with potential mental health issues?
2746837,"What are the risks of diagnosing a health condition, especially online, without professional input?"
2746837,What is the role of the person being treated in their own recovery and how can I support them in this process?
2746837,How can I effectively express my concerns and work together with the person to find a solution?
2746837,What should I know about the BC Mental Health Act in relation to getting help for someone who is at risk of harming themselves or others?
5640861,Where can I find a family doctor to talk about my concerns for my child or teenager?
5640861,What kind of services and support can I expect from a school counselor regarding my child's mental health?
5640861,What is the role of Kelty Mental Health Resource Centre and how can their Help Finder tool assist me in navigating the mental health system for my child?
5640861,Does the Canadian Mental Health Association’s BC Division offer any resources or programs for managing behavior problems in children ages 3 to 12?
5640861,Where can I find HeretoHelp resources on child and youth mental health and substance use?
3393534,Where can I find more information about mental health problems that may arise from a brain injury?
3393534,Are there service providers who are knowledgeable about both brain injuries and mental health?
3393534,How can I find local and regional groups in BC that support those with brain injuries?
3393534,What organizations provide information and support for those affected by brain injuries in BC?
3393534,Are mental health challenges related to brain injuries always treatable?
3839472,How can I recognize and empathize with my loved one's experience with depression?
3839472,Where can I learn more about depression to better understand it?
3839472,How can I create a safe space for my loved one to talk about their depression?
3839472,"What are some things I should avoid, like giving unsolicited advice?"
3839472,How can I support my loved one in their treatment and recovery?
3055896,What are some trustworthy resources where I can learn more about schizophrenia?
3055896,"How can I support my loved one during episodes of psychosis, especially when their hallucinations or delusions are distressing?"
3055896,What is the role of a family member in helping a loved one manage their treatment for schizophrenia?
3055896,What can I do if my loved one refuses treatment for schizophrenia and I believe they are at risk of harming themselves or others?
3055896,What should I do if my loved one expresses thoughts of ending their life?
4200873,How can learning about my parent's mental illness make it easier for me to understand their experiences?
4200873,What self-care activities can I do to take care of myself while my parent is unwell?
4200873,Where can I find programs specifically designed for young people in my situation?
1337085,What resources are available for someone experiencing thoughts of suicide?
1337085,How can I help someone I care about who is talking about suicide?
1337085,What should I do in a situation where there is immediate danger or risk of harm due to suicide thoughts?
2447683,What are the potential benefits and harms of using cannabis?
2447683,How can the timing of when a person starts using cannabis impact potential harms?
2447683,Are there certain groups of people who should avoid using cannabis due to increased risk of psychosis or schizophrenia?
2447683,How can mixing drugs like cannabis and alcohol increase the possibility of experiencing harms?
2447683,What is a simple way to gauge the use of psychoactive substances and prevent potential harms?
7995219,Can you explain more about what mental well-being entails?
7995219,How would you define a mental illness and how does it affect a person's life?
7995219,Can a person have good mental health even if they have been diagnosed with a mental illness?
7995219,"How does mental health exist on a continuum, similar to physical health?"
7995219,What supports and tools can help someone live well and find meaning despite mental health challenges?
2903196,Where can I find info sheets on mood disorders and bipolar disorder?
2903196,Do you have a self-test for depression that also screens for signs of bipolar disorder?
2903196,Can I find a series to help me deal with a diagnosis of depression and work with my doctor?
2903196,Are there any books or resources with personal stories about depression?
2903196,How can I access the What is Depression? booklet with audio in plain language for lower literacy readers?
4893447,How can I distinguish between normal anxiety and an anxiety disorder?
4893447,What are some examples of how anxiety disorders can impact someone's daily life?
4893447,What are the differences between the former and current classifications of some anxiety disorders?
8612349,What are the usual causes of stress?
8612349,How is anxiety different from stress in terms of what it focuses on?
8612349,Are the physical sensations of stress and anxiety always similar?
8612349,"Can anxiety be triggered by a specific threat, or is it always about vague worries?"
8612349,How can stress and anxiety impact well-being and daily life if they last for a long time?
6062232,How is sadness different from the illness of depression?
6062232,Can feelings of sadness impact daily life in a significant way like depression does?
6062232,Are there any physical symptoms associated with depression that don't occur with normal sadness?
9045344,How does persistent depressive disorder (PDD) differ from major depressive disorder in terms of symptoms and duration?
9045344,What are the symptoms of PDD?
9045344,Why is it a misconception that PDD is less severe than major depressive disorder?
9045344,How can PDD affect a person's ability to work and enjoy hobbies?
9045344,Why might someone with PDD think it is just part of their personality?
9020440,What is the relationship between cyclothymic disorder and bipolar disorder?
9020440,What are the symptoms of hypomania and depression associated with cyclothymic disorder?
9020440,How does the frequency of symptoms in cyclothymic disorder compare to bipolar disorder?
9020440,What wellness period are people with cyclothymic disorder likely to experience?
9020440,Who should I consult if I suspect I have cyclothymic disorder?
5819325,What does it mean when someone experiences four or more episodes of depression and/or mania in one year?
5819325,Who can experience rapid cycling and when does it typically occur?
5819325,Is rapid cycling a permanent condition for those diagnosed with bipolar disorder?
4816493,Where can I find more information about the five groups of symptoms for borderline personality disorder?
4816493,Do you know of any support groups or resources for borderline personality disorder in cities other than Vancouver and Victoria?
4816493,Can you recommend any helpful books for managing borderline personality disorder?
9178453,How does schizoid personality disorder affect social interactions and relationships?
9178453,What is the difference between schizoid personality disorder and schizophrenia?
9178453,How is schizoid personality disorder typically treated and managed?
9679704,How does antisocial personality disorder affect a person's thoughts and behaviors?
9679704,What is the relationship between conduct disorder and antisocial personality disorder?
9679704,How can treatment help someone with antisocial personality disorder?
9167296,"How does a personality disorder, such as obsessive-compulsive personality disorder, affect a person's daily life and thoughts?"
9167296,What are the key differences between obsessive-compulsive personality disorder and obsessive-compulsive disorder?
9167296,How is treatment typically approached for individuals with obsessive-compulsive personality disorder?
9167296,What kind of distress might a person with obsessive-compulsive personality disorder experience when they can't achieve control or perfectionism?
9167296,Where can someone seek help for obsessive-compulsive personality disorder in British Columbia?
9049618,What are the main symptoms of binge-eating disorder?
9049618,How can I recognize if someone has binge-eating disorder?
9049618,What makes binge-eating disorder different from just overeating?
9049618,How is binge-eating disorder treated?
9049618,Who should I consult if I think I have binge-eating disorder?
7984793,How does the 'split mind' in schizophrenia differ from the fragmented identity in dissociative identity disorder?
7984793,What is the significance of dissociation in dissociative identity disorder?
7984793,How does schizophrenia affect a person's perception of reality differently than dissociative identity disorder?
7984793,"What are some common misconceptions about dissociative identity disorder, such as its portrayal in media, and how does it contrast with the actual experience of those diagnosed with it?"
7984793,"How does schizophrenia impact an individual's thoughts, speech, and emotional expression as opposed to dissociative identity disorder?"
6085633,What is the difference between psychosis and schizophrenia in terms of their definitions?
6085633,"What are some common symptoms of psychosis, such as hallucinations and delusions?"
6085633,"What mental illnesses or factors, aside from schizophrenia, can cause psychosis?"
1896541,What do positive symptoms of schizophrenia involve?
1896541,Can you explain what negative symptoms of schizophrenia are?
1896541,What are cognitive symptoms and how do they relate to schizophrenia?
4962901,Can you explain what a prodrome is in simpler terms?
4962901,What are some early signs or symptoms of psychosis?
4962901,Why is it important to seek help early if you or a loved one is experiencing symptoms of a mental health problem?
6869967,How can I find a healthcare professional who specializes in assessing and treating ADHD in adults?
6869967,What resources and support are available for adults with ADHD in Canada?
6869967,Is there a support group for adults with ADHD in the Vancouver area?
4824231,What does it mean when someone says they are addicted to something like shopping?
4824231,How does the evidence suggest substance use and addiction differ?
4824231,Can you explain how substance dependence develops and what it involves?
4294616,What are some ways I can get help for an alcohol or drug use problem?
4294616,How does my health and social situation factor into finding the right help for me?
4294616,Can I talk to a nurse or doctor confidentially about drug use and what resources are available in my area?
4373204,How can I determine if I'm drinking too much considering my unique relationship with alcohol?
4373204,What are the signs of alcohol use becoming a problem in my life or in the lives of others?
4373204,Where can I get personalized feedback about my drinking pattern as compared to Canada's Low-Risk Alcohol Drinking Guidelines?
7807643,"If cannabis smoke contains harmful toxins, why is the risk of cancer less for cannabis smokers than tobacco smokers?"
7807643,How do the negative effects of cannabis on the brain compare to those of alcohol?
7807643,What are the benefits of legalizing cannabis in terms of minimizing potential harms?
4352464,How can I help my child develop skills to make good choices regarding drugs?
4352464,What are some ways to strengthen my relationship with my child through discussions about drugs?
4352464,How can I support my child in developing critical thinking skills about drug use?
6521784,What are the medical conditions that CBD has been used in the treatment of?
6521784,How does CBD produce therapeutic effects in the body?
6521784,Are there any recorded negative drug interactions with CBD?
6521784,What are some potential side effects of using CBD?
6521784,Is there any research on the use of CBD for Alzheimer's disease?
3221856,What are the potential harms of vaping?
3221856,How is nicotine delivered through vaping?
3221856,What is the impact of vaping marketing strategies on young people?
